name,url,category
Portail utilisateur Microsoft 365,https://m365.sovcloud.fr/,M365
Mon compte,https://myaccount.sovcloud-identity.fr/,Entra ID
Mes accès,https://myaccess.sovcloud-identity.fr/,Entra ID
Mes groupes,https://mygroups.sovcloud-identity.fr/,Entra ID
Mes connexions,https://mysignins.sovcloud-identity.fr/,Entra ID
Réinitialisation de mot de passe en libre service,https://passwordreset.sovcloud-identity.fr/,Entra ID
Microsoft Azure,https://portal.sovcloud-azure.fr/,Azure
Exchange Online,https://exchange.admin.sovcloud.fr/,M365
Centre d'administration Microsoft Entra,https://entra.sovcloud.fr/,Entra ID
Centre d'administration SharePoint,https://msazurecloud-admin.sovcloud-sharepoint.fr/,M365
Centre d'administration Microsoft Teams,https://admin.teams.sovcloud.fr/,M365
Centre d'administration Microsoft 365,https://admin.sovcloud.fr/,M365
aka.ms,https://aka.sovcloud-api.fr/,Autre
Outlook,https://outlook.sovcloud.fr/,M365
